Workbook

Sheet Лист1
A1: ID операции | B1: Дата | C1: ID магазина | D1: Артикул | E1: Количество упаковок, шт. | F1: Тип операции | G1: Цена товара | H1: Район | J1: 12434130
A2: 1081 | B2: 45084 | C2: M1 | D2: 1 | E2: 180 | F2: Продажа | G2: 110 | H2: Центральный | J2: =E2*G2 -> 19800
A3: 1101 | B3: 45084 | C3: M1 | D3: 21 | E3: 199 | F3: Продажа | G3: 110 | H3: Центральный | J3: =E3*G3 -> 21890
A4: 1117 | B4: 45084 | C4: M5 | D4: 1 | E4: 192 | F4: Продажа | G4: 110 | H4: Центральный | J4: =E4*G4 -> 21120
A5: 1137 | B5: 45084 | C5: M5 | D5: 21 | E5: 158 | F5: Продажа | G5: 110 | H5: Центральный | J5: =E5*G5 -> 17380
A6: 1153 | B6: 45084 | C6: M6 | D6: 1 | E6: 155 | F6: Продажа | G6: 110 | H6: Центральный | J6: =E6*G6 -> 17050
A7: 1173 | B7: 45084 | C7: M6 | D7: 21 | E7: 146 | F7: Продажа | G7: 110 | H7: Центральный | J7: =E7*G7 -> 16060
A8: 1189 | B8: 45084 | C8: M10 | D8: 1 | E8: 122 | F8: Продажа | G8: 110 | H8: Центральный | J8: =E8*G8 -> 13420
A9: 1209 | B9: 45084 | C9: M10 | D9: 21 | E9: 105 | F9: Продажа | G9: 110 | H9: Центральный | J9: =E9*G9 -> 11550
A10: 1225 | B10: 45084 | C10: M15 | D10: 1 | E10: 144 | F10: Продажа | G10: 110 | H10: Центральный | J10: =E10*G10 -> 15840
A11: 1245 | B11: 45084 | C11: M15 | D11: 21 | E11: 129 | F11: Продажа | G11: 110 | H11: Центральный | J11: =E11*G11 -> 14190
A12: 1261 | B12: 45084 | C12: M18 | D12: 1 | E12: 128 | F12: Продажа | G12: 110 | H12: Центральный | J12: =E12*G12 -> 14080
A13: 1281 | B13: 45084 | C13: M18 | D13: 21 | E13: 123 | F13: Продажа | G13: 110 | H13: Центральный | J13: =E13*G13 -> 13530
... A373: 3430 | B373: 45091 | C373: M18 | D373: 10 | E373: 164 | F373: Продажа | G373: 600 | H373: Центральный | J373: =E373*G373 -> 98400
J374: =E374*G374 -> 0
J375: =E375*G375 -> 0
J376: =E376*G376 -> 0
J377: =E377*G377 -> 0
J378: =E378*G378 -> 0
J379: =E379*G379 -> 0
J380: =E380*G380 -> 0
J381: =E381*G381 -> 0
J382: =E382*G382 -> 0
J383: =E383*G383 -> 0
J384: =E384*G384 -> 0
J385: =E385*G385 -> 0
... J388: =E388*G388 -> 0

Sheet Движение товаров
A1: ID операции | B1: Дата | C1: ID магазина | D1: Артикул | E1: Количество упаковок, шт. | F1: Тип операции | G1: Цена товара | H1: Район
A2: 1 | B2: 45078 | C2: M1 | D2: 1 | E2: 200 | F2: Поступление | G2: =VLOOKUP(D2, Товар!A:F, 6,0) -> 110 | H2: =VLOOKUP(C2, Магазин!A:C, 2,0 ) -> Центральный
A3: 21 | B3: 45078 | C3: M1 | D3: 21 | E3: 200 | F3: Поступление | G3: =VLOOKUP(D3, Товар!A:F, 6,0) -> 110 | H3: =VLOOKUP(C3, Магазин!A:C, 2,0 ) -> Центральный
A4: 37 | B4: 45079 | C4: M5 | D4: 1 | E4: 200 | F4: Поступление | G4: =VLOOKUP(D4, Товар!A:F, 6,0) -> 110 | H4: =VLOOKUP(C4, Магазин!A:C, 2,0 ) -> Центральный
A5: 57 | B5: 45079 | C5: M5 | D5: 21 | E5: 200 | F5: Поступление | G5: =VLOOKUP(D5, Товар!A:F, 6,0) -> 110 | H5: =VLOOKUP(C5, Магазин!A:C, 2,0 ) -> Центральный
A6: 73 | B6: 45079 | C6: M6 | D6: 1 | E6: 200 | F6: Поступление | G6: =VLOOKUP(D6, Товар!A:F, 6,0) -> 110 | H6: =VLOOKUP(C6, Магазин!A:C, 2,0 ) -> Центральный
A7: 93 | B7: 45079 | C7: M6 | D7: 21 | E7: 200 | F7: Поступление | G7: =VLOOKUP(D7, Товар!A:F, 6,0) -> 110 | H7: =VLOOKUP(C7, Магазин!A:C, 2,0 ) -> Центральный
A8: 109 | B8: 45079 | C8: M10 | D8: 1 | E8: 200 | F8: Поступление | G8: =VLOOKUP(D8, Товар!A:F, 6,0) -> 110 | H8: =VLOOKUP(C8, Магазин!A:C, 2,0 ) -> Центральный
A9: 129 | B9: 45079 | C9: M10 | D9: 21 | E9: 200 | F9: Поступление | G9: =VLOOKUP(D9, Товар!A:F, 6,0) -> 110 | H9: =VLOOKUP(C9, Магазин!A:C, 2,0 ) -> Центральный
A10: 145 | B10: 45079 | C10: M15 | D10: 1 | E10: 200 | F10: Поступление | G10: =VLOOKUP(D10, Товар!A:F, 6,0) -> 110 | H10: =VLOOKUP(C10, Магазин!A:C, 2,0 ) -> Центральный
A11: 165 | B11: 45079 | C11: M15 | D11: 21 | E11: 200 | F11: Поступление | G11: =VLOOKUP(D11, Товар!A:F, 6,0) -> 110 | H11: =VLOOKUP(C11, Магазин!A:C, 2,0 ) -> Центральный
A12: 181 | B12: 45079 | C12: M18 | D12: 1 | E12: 200 | F12: Поступление | G12: =VLOOKUP(D12, Товар!A:F, 6,0) -> 110 | H12: =VLOOKUP(C12, Магазин!A:C, 2,0 ) -> Центральный
A13: 201 | B13: 45079 | C13: M18 | D13: 21 | E13: 200 | F13: Поступление | G13: =VLOOKUP(D13, Товар!A:F, 6,0) -> 110 | H13: =VLOOKUP(C13, Магазин!A:C, 2,0 ) -> Центральный
... A204: 3332 | B204: 45091 | C204: M6 | D204: 20 | E204: 176 | F204: Продажа | G204: =VLOOKUP(D204, Товар!A:F, 6,0) -> 120 | H204: =VLOOKUP(C204, Магазин!A:C, 2,0 ) -> Центральный
A205: 217 | B205: 45079 | C205: M2 | D205: 1 | E205: 300 | F205: Поступление | G205: =VLOOKUP(D205, Товар!A:F, 6,0) -> 110 | H205: =VLOOKUP(C205,Магазин!A:C, 2,0 ) -> Промышленный
A206: 218 | B206: 45079 | C206: M2 | D206: 2 | E206: 300 | F206: Поступление | G206: =VLOOKUP(D206, Товар!A:F, 6,0) -> 250 | H206: =VLOOKUP(C206,Магазин!A:C, 2,0 ) -> Промышленный
A207: 219 | B207: 45079 | C207: M2 | D207: 3 | E207: 300 | F207: Поступление | G207: =VLOOKUP(D207, Товар!A:F, 6,0) -> 300 | H207: =VLOOKUP(C207,Магазин!A:C, 2,0 ) -> Промышленный
A208: 224 | B208: 45079 | C208: M2 | D208: 8 | E208: 300 | F208: Поступление | G208: =VLOOKUP(D208, Товар!A:F, 6,0) -> 50 | H208: =VLOOKUP(C208,Магазин!A:C, 2,0 ) -> Промышленный
A209: 225 | B209: 45079 | C209: M2 | D209: 9 | E209: 300 | F209: Поступление | G209: =VLOOKUP(D209, Товар!A:F, 6,0) -> 90 | H209: =VLOOKUP(C209,Магазин!A:C, 2,0 ) -> Промышленный
A210: 226 | B210: 45079 | C210: M2 | D210: 10 | E210: 300 | F210: Поступление | G210: =VLOOKUP(D210, Товар!A:F, 6,0) -> 600 | H210: =VLOOKUP(C210,Магазин!A:C, 2,0 ) -> Промышленный
A211: 227 | B211: 45079 | C211: M2 | D211: 11 | E211: 300 | F211: Поступление | G211: =VLOOKUP(D211, Товар!A:F, 6,0) -> 100 | H211: =VLOOKUP(C211,Магазин!A:C, 2,0 ) -> Промышленный
A212: 228 | B212: 45079 | C212: M2 | D212: 12 | E212: 300 | F212: Поступление | G212: =VLOOKUP(D212, Товар!A:F, 6,0) -> 55 | H212: =VLOOKUP(C212,Магазин!A:C, 2,0 ) -> Промышленный
A213: 229 | B213: 45079 | C213: M2 | D213: 13 | E213: 300 | F213: Поступление | G213: =VLOOKUP(D213, Товар!A:F, 6,0) -> 85 | H213: =VLOOKUP(C213,Магазин!A:C, 2,0 ) -> Промышленный
A214: 230 | B214: 45079 | C214: M2 | D214: 14 | E214: 300 | F214: Поступление | G214: =VLOOKUP(D214, Товар!A:F, 6,0) -> 220 | H214: =VLOOKUP(C214,Магазин!A:C, 2,0 ) -> Промышленный
A215: 231 | B215: 45079 | C215: M2 | D215: 15 | E215: 300 | F215: Поступление | G215: =VLOOKUP(D215, Товар!A:F, 6,0) -> 300 | H215: =VLOOKUP(C215,Магазин!A:C, 2,0 ) -> Промышленный
A216: 232 | B216: 45079 | C216: M2 | D216: 16 | E216: 300 | F216: Поступление | G216: =VLOOKUP(D216, Товар!A:F, 6,0) -> 20 | H216: =VLOOKUP(C216,Магазин!A:C, 2,0 ) -> Промышленный
... A588: 648 | B588: 45079 | C588: M17 | D588: 36 | E588: 100 | F588: Поступление | G588: =VLOOKUP(D588, Товар!A:F, 6,0) -> 375 | H588: =VLOOKUP(C588,Магазин!A:C, 2,0 ) -> Заречный
A589: 3334 | B589: 45091 | C589: M6 | D589: 22 | E589: 146 | F589: Продажа | G589: =VLOOKUP(D589, Товар!A:F, 6,0) -> 120 | H589: =VLOOKUP(C589, Магазин!A:C, 2,0 ) -> Центральный
A590: 3365 | B590: 45091 | C590: M10 | D590: 17 | E590: 128 | F590: Продажа | G590: =VLOOKUP(D590, Товар!A:F, 6,0) -> 120 | H590: =VLOOKUP(C590, Магазин!A:C, 2,0 ) -> Центральный
A591: 3366 | B591: 45091 | C591: M10 | D591: 18 | E591: 191 | F591: Продажа | G591: =VLOOKUP(D591, Товар!A:F, 6,0) -> 120 | H591: =VLOOKUP(C591, Магазин!A:C, 2,0 ) -> Центральный
A592: 3368 | B592: 45091 | C592: M10 | D592: 20 | E592: 167 | F592: Продажа | G592: =VLOOKUP(D592, Товар!A:F, 6,0) -> 120 | H592: =VLOOKUP(C592, Магазин!A:C, 2,0 ) -> Центральный
A593: 3370 | B593: 45091 | C593: M10 | D593: 22 | E593: 105 | F593: Продажа | G593: =VLOOKUP(D593, Товар!A:F, 6,0) -> 120 | H593: =VLOOKUP(C593, Магазин!A:C, 2,0 ) -> Центральный
A594: 3401 | B594: 45091 | C594: M15 | D594: 17 | E594: 147 | F594: Продажа | G594: =VLOOKUP(D594, Товар!A:F, 6,0) -> 120 | H594: =VLOOKUP(C594, Магазин!A:C, 2,0 ) -> Центральный
A595: 3402 | B595: 45091 | C595: M15 | D595: 18 | E595: 169 | F595: Продажа | G595: =VLOOKUP(D595, Товар!A:F, 6,0) -> 120 | H595: =VLOOKUP(C595, Магазин!A:C, 2,0 ) -> Центральный
A596: 3404 | B596: 45091 | C596: M15 | D596: 20 | E596: 147 | F596: Продажа | G596: =VLOOKUP(D596, Товар!A:F, 6,0) -> 120 | H596: =VLOOKUP(C596, Магазин!A:C, 2,0 ) -> Центральный
A597: 3406 | B597: 45091 | C597: M15 | D597: 22 | E597: 129 | F597: Продажа | G597: =VLOOKUP(D597, Товар!A:F, 6,0) -> 120 | H597: =VLOOKUP(C597, Магазин!A:C, 2,0 ) -> Центральный
A598: 3437 | B598: 45091 | C598: M18 | D598: 17 | E598: 156 | F598: Продажа | G598: =VLOOKUP(D598, Товар!A:F, 6,0) -> 120 | H598: =VLOOKUP(C598, Магазин!A:C, 2,0 ) -> Центральный
A599: 3438 | B599: 45091 | C599: M18 | D599: 18 | E599: 144 | F599: Продажа | G599: =VLOOKUP(D599, Товар!A:F, 6,0) -> 120 | H599: =VLOOKUP(C599, Магазин!A:C, 2,0 ) -> Центральный
A600: 3440 | B600: 45091 | C600: M18 | D600: 20 | E600: 169 | F600: Продажа | G600: =VLOOKUP(D600, Товар!A:F, 6,0) -> 120 | H600: =VLOOKUP(C600, Магазин!A:C, 2,0 ) -> Центральный
... A742: 3990 | B742: 45091 | C742: M15 | D742: 42 | E742: 234 | F742: Продажа | G742: =VLOOKUP(D742, Товар!A:F, 6,0) -> 150 | H742: =VLOOKUP(C742, Магазин!A:C, 2,0 ) -> Центральный
A743: 793 | B743: 45080 | C743: M2 | D743: 37 | E743: 400 | F743: Поступление | G743: =VLOOKUP(D743, Товар!A:F, 6,0) -> 50 | H743: =VLOOKUP(C743,Магазин!A:C, 2,0 ) -> Промышленный
A744: 794 | B744: 45080 | C744: M2 | D744: 38 | E744: 400 | F744: Поступление | G744: =VLOOKUP(D744, Товар!A:F, 6,0) -> 50 | H744: =VLOOKUP(C744,Магазин!A:C, 2,0 ) -> Промышленный
A745: 795 | B745: 45080 | C745: M2 | D745: 39 | E745: 400 | F745: Поступление | G745: =VLOOKUP(D745, Товар!A:F, 6,0) -> 40 | H745: =VLOOKUP(C745,Магазин!A:C, 2,0 ) -> Промышленный
A746: 796 | B746: 45080 | C746: M2 | D746: 40 | E746: 400 | F746: Поступление | G746: =VLOOKUP(D746, Товар!A:F, 6,0) -> 70 | H746: =VLOOKUP(C746,Магазин!A:C, 2,0 ) -> Промышленный
A747: 797 | B747: 45080 | C747: M2 | D747: 41 | E747: 400 | F747: Поступление | G747: =VLOOKUP(D747, Товар!A:F, 6,0) -> 35 | H747: =VLOOKUP(C747,Магазин!A:C, 2,0 ) -> Промышленный
A748: 798 | B748: 45080 | C748: M2 | D748: 42 | E748: 400 | F748: Поступление | G748: =VLOOKUP(D748, Товар!A:F, 6,0) -> 150 | H748: =VLOOKUP(C748,Магазин!A:C, 2,0 ) -> Промышленный
A749: 799 | B749: 45080 | C749: M2 | D749: 43 | E749: 400 | F749: Поступление | G749: =VLOOKUP(D749, Товар!A:F, 6,0) -> 50 | H749: =VLOOKUP(C749,Магазин!A:C, 2,0 ) -> Промышленный
A750: 800 | B750: 45080 | C750: M2 | D750: 44 | E750: 400 | F750: Поступление | G750: =VLOOKUP(D750, Товар!A:F, 6,0) -> 80 | H750: =VLOOKUP(C750,Магазин!A:C, 2,0 ) -> Промышленный
A751: 801 | B751: 45080 | C751: M2 | D751: 45 | E751: 400 | F751: Поступление | G751: =VLOOKUP(D751, Товар!A:F, 6,0) -> 250 | H751: =VLOOKUP(C751,Магазин!A:C, 2,0 ) -> Промышленный
A752: 802 | B752: 45080 | C752: M2 | D752: 46 | E752: 400 | F752: Поступление | G752: =VLOOKUP(D752, Товар!A:F, 6,0) -> 90 | H752: =VLOOKUP(C752,Магазин!A:C, 2,0 ) -> Промышленный
A753: 803 | B753: 45080 | C753: M2 | D753: 47 | E753: 400 | F753: Поступление | G753: =VLOOKUP(D753, Товар!A:F, 6,0) -> 95 | H753: =VLOOKUP(C753,Магазин!A:C, 2,0 ) -> Промышленный
A754: 804 | B754: 45080 | C754: M2 | D754: 48 | E754: 400 | F754: Поступление | G754: =VLOOKUP(D754, Товар!A:F, 6,0) -> 100 | H754: =VLOOKUP(C754,Магазин!A:C, 2,0 ) -> Промышленный
... A1030: 1080 | B1030: 45080 | C1030: M17 | D1030: 60 | E1030: 200 | F1030: Поступление | G1030: =VLOOKUP(D1030, Товар!A:F, 6,0) -> 85 | H1030: =VLOOKUP(C1030,Магазин!A:C, 2,0 ) -> Заречный
A1031: 4004 | B1031: 45091 | C1031: M15 | D1031: 56 | E1031: 249 | F1031: Продажа | G1031: =VLOOKUP(D1031, Товар!A:F, 6,0) -> 150 | H1031: =VLOOKUP(C1031, Магазин!A:C, 2,0 ) -> Центральный
A1032: 4014 | B1032: 45091 | C1032: M18 | D1032: 42 | E1032: 281 | F1032: Продажа | G1032: =VLOOKUP(D1032, Товар!A:F, 6,0) -> 150 | H1032: =VLOOKUP(C1032, Магазин!A:C, 2,0 ) -> Центральный
A1033: 4028 | B1033: 45091 | C1033: M18 | D1033: 56 | E1033: 299 | F1033: Продажа | G1033: =VLOOKUP(D1033, Товар!A:F, 6,0) -> 150 | H1033: =VLOOKUP(C1033, Магазин!A:C, 2,0 ) -> Центральный
A1034: 220 | B1034: 45081 | C1034: M2 | D1034: 4 | E1034: 300 | F1034: Поступление | G1034: =VLOOKUP(D1034, Товар!A:F, 6,0) -> 220 | H1034: =VLOOKUP(C1034,Магазин!A:C, 2,0 ) -> Промышленный
A1035: 221 | B1035: 45081 | C1035: M2 | D1035: 5 | E1035: 300 | F1035: Поступление | G1035: =VLOOKUP(D1035, Товар!A:F, 6,0) -> 200 | H1035: =VLOOKUP(C1035,Магазин!A:C, 2,0 ) -> Промышленный
A1036: 222 | B1036: 45081 | C1036: M2 | D1036: 6 | E1036: 300 | F1036: Поступление | G1036: =VLOOKUP(D1036, Товар!A:F, 6,0) -> 150 | H1036: =VLOOKUP(C1036,Магазин!A:C, 2,0 ) -> Промышленный
A1037: 223 | B1037: 45082 | C1037: M2 | D1037: 7 | E1037: 300 | F1037: Поступление | G1037: =VLOOKUP(D1037, Товар!A:F, 6,0) -> 250 | H1037: =VLOOKUP(C1037,Магазин!A:C, 2,0 ) -> Промышленный
A1038: 256 | B1038: 45082 | C1038: M4 | D1038: 4 | E1038: 300 | F1038: Поступление | G1038: =VLOOKUP(D1038, Товар!A:F, 6,0) -> 220 | H1038: =VLOOKUP(C1038,Магазин!A:C, 2,0 ) -> Промышленный
A1039: 257 | B1039: 45082 | C1039: M4 | D1039: 5 | E1039: 300 | F1039: Поступление | G1039: =VLOOKUP(D1039, Товар!A:F, 6,0) -> 200 | H1039: =VLOOKUP(C1039,Магазин!A:C, 2,0 ) -> Промышленный
A1040: 258 | B1040: 45082 | C1040: M4 | D1040: 6 | E1040: 300 | F1040: Поступление | G1040: =VLOOKUP(D1040, Товар!A:F, 6,0) -> 150 | H1040: =VLOOKUP(C1040,Магазин!A:C, 2,0 ) -> Промышленный
A1041: 259 | B1041: 45082 | C1041: M4 | D1041: 7 | E1041: 300 | F1041: Поступление | G1041: =VLOOKUP(D1041, Товар!A:F, 6,0) -> 250 | H1041: =VLOOKUP(C1041,Магазин!A:C, 2,0 ) -> Промышленный
A1042: 292 | B1042: 45082 | C1042: M7 | D1042: 4 | E1042: 300 | F1042: Поступление | G1042: =VLOOKUP(D1042, Товар!A:F, 6,0) -> 220 | H1042: =VLOOKUP(C1042,Магазин!A:C, 2,0 ) -> Промышленный
A1043: 293 | B1043: 45082 | C1043: M7 | D1043: 5 | E1043: 300 | F1043: Поступление | G1043: =VLOOKUP(D1043, Товар!A:F, 6,0) -> 200 | H1043: =VLOOKUP(C1043,Магазин!A:C, 2,0 ) -> Промышленный
A1044: 294 | B1044: 45082 | C1044: M7 | D1044: 6 | E1044: 300 | F1044: Поступление | G1044: =VLOOKUP(D1044, Товар!A:F, 6,0) -> 150 | H1044: =VLOOKUP(C1044,Магазин!A:C, 2,0 ) -> Промышленный
A1045: 295 | B1045: 45082 | C1045: M7 | D1045: 7 | E1045: 300 | F1045: Поступление | G1045: =VLOOKUP(D1045, Товар!A:F, 6,0) -> 250 | H1045: =VLOOKUP(C1045,Магазин!A:C, 2,0 ) -> Промышленный
... A1081: 619 | B1081: 45083 | C1081: M17 | D1081: 7 | E1081: 100 | F1081: Поступление | G1081: =VLOOKUP(D1081, Товар!A:F, 6,0) -> 250 | H1081: =VLOOKUP(C1081,Магазин!A:C, 2,0 ) -> Заречный
A1082: 19 | B1082: 45078 | C1082: M1 | D1082: 19 | E1082: 200 | F1082: Поступление | G1082: =VLOOKUP(D1082, Товар!A:F, 6,0) -> 170 | H1082: =VLOOKUP(C1082, Магазин!A:C, 2,0 ) -> Центральный
A1083: 55 | B1083: 45079 | C1083: M5 | D1083: 19 | E1083: 200 | F1083: Поступление | G1083: =VLOOKUP(D1083, Товар!A:F, 6,0) -> 170 | H1083: =VLOOKUP(C1083, Магазин!A:C, 2,0 ) -> Центральный
A1084: 91 | B1084: 45079 | C1084: M6 | D1084: 19 | E1084: 200 | F1084: Поступление | G1084: =VLOOKUP(D1084, Товар!A:F, 6,0) -> 170 | H1084: =VLOOKUP(C1084, Магазин!A:C, 2,0 ) -> Центральный
A1085: 127 | B1085: 45079 | C1085: M10 | D1085: 19 | E1085: 200 | F1085: Поступление | G1085: =VLOOKUP(D1085, Товар!A:F, 6,0) -> 170 | H1085: =VLOOKUP(C1085, Магазин!A:C, 2,0 ) -> Центральный
A1086: 163 | B1086: 45079 | C1086: M15 | D1086: 19 | E1086: 200 | F1086: Поступление | G1086: =VLOOKUP(D1086, Товар!A:F, 6,0) -> 170 | H1086: =VLOOKUP(C1086, Магазин!A:C, 2,0 ) -> Центральный
A1087: 199 | B1087: 45079 | C1087: M18 | D1087: 19 | E1087: 200 | F1087: Поступление | G1087: =VLOOKUP(D1087, Товар!A:F, 6,0) -> 170 | H1087: =VLOOKUP(C1087, Магазин!A:C, 2,0 ) -> Центральный
A1088: 1099 | B1088: 45084 | C1088: M1 | D1088: 19 | E1088: 147 | F1088: Продажа | G1088: =VLOOKUP(D1088, Товар!A:F, 6,0) -> 170 | H1088: =VLOOKUP(C1088, Магазин!A:C, 2,0 ) -> Центральный
A1089: 1135 | B1089: 45084 | C1089: M5 | D1089: 19 | E1089: 123 | F1089: Продажа | G1089: =VLOOKUP(D1089, Товар!A:F, 6,0) -> 170 | H1089: =VLOOKUP(C1089, Магазин!A:C, 2,0 ) -> Центральный
A1090: 1171 | B1090: 45084 | C1090: M6 | D1090: 19 | E1090: 176 | F1090: Продажа | G1090: =VLOOKUP(D1090, Товар!A:F, 6,0) -> 170 | H1090: =VLOOKUP(C1090, Магазин!A:C, 2,0 ) -> Центральный
A1091: 1207 | B1091: 45084 | C1091: M10 | D1091: 19 | E1091: 167 | F1091: Продажа | G1091: =VLOOKUP(D1091, Товар!A:F, 6,0) -> 170 | H1091: =VLOOKUP(C1091, Магазин!A:C, 2,0 ) -> Центральный
A1092: 1243 | B1092: 45084 | C1092: M15 | D1092: 19 | E1092: 147 | F1092: Продажа | G1092: =VLOOKUP(D1092, Товар!A:F, 6,0) -> 170 | H1092: =VLOOKUP(C1092, Магазин!A:C, 2,0 ) -> Центральный
A1093: 1279 | B1093: 45084 | C1093: M18 | D1093: 19 | E1093: 169 | F1093: Продажа | G1093: =VLOOKUP(D1093, Товар!A:F, 6,0) -> 170 | H1093: =VLOOKUP(C1093, Магазин!A:C, 2,0 ) -> Центральный
... A1297: 2865 | B1297: 45087 | C1297: M6 | D1297: 45 | E1297: 300 | F1297: Поступление | G1297: =VLOOKUP(D1297, Товар!A:F, 6,0) -> 250 | H1297: =VLOOKUP(C1297, Магазин!A:C, 2,0 ) -> Центральный
A1298: 1297 | B1298: 45084 | C1298: M2 | D1298: 1 | E1298: 275 | F1298: Продажа | G1298: =VLOOKUP(D1298, Товар!A:F, 6,0) -> 110 | H1298: =VLOOKUP(C1298,Магазин!A:C, 2,0 ) -> Промышленный
A1299: 1298 | B1299: 45084 | C1299: M2 | D1299: 2 | E1299: 234 | F1299: Продажа | G1299: =VLOOKUP(D1299, Товар!A:F, 6,0) -> 250 | H1299: =VLOOKUP(C1299,Магазин!A:C, 2,0 ) -> Промышленный
A1300: 1299 | B1300: 45084 | C1300: M2 | D1300: 3 | E1300: 228 | F1300: Продажа | G1300: =VLOOKUP(D1300, Товар!A:F, 6,0) -> 300 | H1300: =VLOOKUP(C1300,Магазин!A:C, 2,0 ) -> Промышленный
A1301: 1300 | B1301: 45084 | C1301: M2 | D1301: 4 | E1301: 217 | F1301: Продажа | G1301: =VLOOKUP(D1301, Товар!A:F, 6,0) -> 220 | H1301: =VLOOKUP(C1301,Магазин!A:C, 2,0 ) -> Промышленный
A1302: 1301 | B1302: 45084 | C1302: M2 | D1302: 5 | E1302: 258 | F1302: Продажа | G1302: =VLOOKUP(D1302, Товар!A:F, 6,0) -> 200 | H1302: =VLOOKUP(C1302,Магазин!A:C, 2,0 ) -> Промышленный
A1303: 1302 | B1303: 45084 | C1303: M2 | D1303: 6 | E1303: 199 | F1303: Продажа | G1303: =VLOOKUP(D1303, Товар!A:F, 6,0) -> 150 | H1303: =VLOOKUP(C1303,Магазин!A:C, 2,0 ) -> Промышленный
A1304: 1303 | B1304: 45084 | C1304: M2 | D1304: 7 | E1304: 248 | F1304: Продажа | G1304: =VLOOKUP(D1304, Товар!A:F, 6,0) -> 250 | H1304: =VLOOKUP(C1304,Магазин!A:C, 2,0 ) -> Промышленный
A1305: 1304 | B1305: 45084 | C1305: M2 | D1305: 8 | E1305: 236 | F1305: Продажа | G1305: =VLOOKUP(D1305, Товар!A:F, 6,0) -> 50 | H1305: =VLOOKUP(C1305,Магазин!A:C, 2,0 ) -> Промышленный
A1306: 1305 | B1306: 45084 | C1306: M2 | D1306: 9 | E1306: 287 | F1306: Продажа | G1306: =VLOOKUP(D1306, Товар!A:F, 6,0) -> 90 | H1306: =VLOOKUP(C1306,Магазин!A:C, 2,0 ) -> Промышленный
A1307: 1306 | B1307: 45084 | C1307: M2 | D1307: 10 | E1307: 265 | F1307: Продажа | G1307: =VLOOKUP(D1307, Товар!A:F, 6,0) -> 600 | H1307: =VLOOKUP(C1307,Магазин!A:C, 2,0 ) -> Промышленный
A1308: 1307 | B1308: 45084 | C1308: M2 | D1308: 11 | E1308: 234 | F1308: Продажа | G1308: =VLOOKUP(D1308, Товар!A:F, 6,0) -> 100 | H1308: =VLOOKUP(C1308,Магазин!A:C, 2,0 ) -> Промышленный
A1309: 1308 | B1309: 45084 | C1309: M2 | D1309: 12 | E1309: 258 | F1309: Продажа | G1309: =VLOOKUP(D1309, Товар!A:F, 6,0) -> 55 | H1309: =VLOOKUP(C1309,Магазин!A:C, 2,0 ) -> Промышленный
... A1729: 1699 | B1729: 45086 | C1729: M17 | D1729: 7 | E1729: 98 | F1729: Продажа | G1729: =VLOOKUP(D1729, Товар!A:F, 6,0) -> 250 | H1729: =VLOOKUP(C1729,Магазин!A:C, 2,0 ) -> Заречный
A1730: 2889 | B1730: 45087 | C1730: M10 | D1730: 45 | E1730: 300 | F1730: Поступление | G1730: =VLOOKUP(D1730, Товар!A:F, 6,0) -> 250 | H1730: =VLOOKUP(C1730, Магазин!A:C, 2,0 ) -> Центральный
A1731: 2913 | B1731: 45087 | C1731: M15 | D1731: 45 | E1731: 300 | F1731: Поступление | G1731: =VLOOKUP(D1731, Товар!A:F, 6,0) -> 250 | H1731: =VLOOKUP(C1731, Магазин!A:C, 2,0 ) -> Центральный
A1732: 2937 | B1732: 45087 | C1732: M18 | D1732: 45 | E1732: 300 | F1732: Поступление | G1732: =VLOOKUP(D1732, Товар!A:F, 6,0) -> 250 | H1732: =VLOOKUP(C1732, Магазин!A:C, 2,0 ) -> Центральный
A1733: 2275 | B1733: 45088 | C1733: M10 | D1733: 7 | E1733: 300 | F1733: Поступление | G1733: =VLOOKUP(D1733, Товар!A:F, 6,0) -> 250 | H1733: =VLOOKUP(C1733, Магазин!A:C, 2,0 ) -> Центральный
A1734: 2311 | B1734: 45088 | C1734: M15 | D1734: 7 | E1734: 300 | F1734: Поступление | G1734: =VLOOKUP(D1734, Товар!A:F, 6,0) -> 250 | H1734: =VLOOKUP(C1734, Магазин!A:C, 2,0 ) -> Центральный
...

Sheet Товар
A1: Артикул | B1: Отдел | C1: Наименование товара | D1: Ед_изм | E1: Количество в упаковке | F1: Цена за упаковку
A2: 1 | B2: Конфеты | C2: Батончик соевый | D2: грамм | E2: 250 | F2: 110
A3: 2 | B3: Конфеты | C3: Заяц шоколадный большой | D3: шт | E3: 1 | F3: 250
A4: 3 | B4: Конфеты | C4: Заяц шоколадный малый | D4: шт | E4: 6 | F4: 300
A5: 4 | B5: Конфеты | C5: Зефир в шоколаде | D5: грамм | E5: 250 | F5: 220
A6: 5 | B6: Конфеты | C6: Зефир ванильный | D6: грамм | E6: 800 | F6: 200
A7: 6 | B7: Конфеты | C7: Зефир воздушный | D7: грамм | E7: 500 | F7: 150
A8: 7 | B8: Конфеты | C8: Зефир лимонный | D8: грамм | E8: 1000 | F8: 250
A9: 8 | B9: Конфеты | C9: Карамель "Барбарис" | D9: грамм | E9: 250 | F9: 50
A10: 9 | B10: Конфеты | C10: Карамель "Взлетная" | D10: грамм | E10: 500 | F10: 90
A11: 10 | B11: Конфеты | C11: Карамель "Раковая шейка" | D11: грамм | E11: 1000 | F11: 600
A12: 11 | B12: Конфеты | C12: Карамель клубничная | D12: грамм | E12: 500 | F12: 100
A13: 12 | B13: Конфеты | C13: Карамель лимонная | D13: грамм | E13: 250 | F13: 55
... A61: 60 | B61: Печенье | C61: Пряники шоколадные | D61: грамм | E61: 500 | F61: 85

Sheet Магазин
A1: ID магазина | B1: Район | C1: Адрес
A2: M1 | B2: Центральный | C2: просп. Мира, 45
A3: M2 | B3: Промышленный | C3: ул. Металлургов, 12
A4: M3 | B4: Заречный | C4: Колхозная, 11
A5: M4 | B5: Промышленный | C5: Заводская, 22
A6: M5 | B6: Центральный | C6: ул. Гагарина, 17
A7: M6 | B7: Центральный | C7: просп. Мира, 10
A8: M7 | B8: Промышленный | C8: Заводская, 3
A9: M8 | B9: Промышленный | C9: ул. Сталеваров, 14
A10: M9 | B10: Заречный | C10: Прибрежная, 7
A11: M10 | B11: Центральный | C11: пл. Революции, 1
A12: M11 | B12: Заречный | C12: Луговая, 21
... A19: M18 | B19: Центральный | C19: Лермонтова, 9
